{
  "area_pm50": {
    "mean": 1082.964,
    "std": 137.92700447179502,
    "p05": 891.95,
    "median": 1064.0,
    "p95": 1310.0,
    "min": 613.0,
    "max": 1430.0
  },
  "rate_pm50_hz": {
    "mean": 108.29639999999999,
    "std": 13.792700447179502,
    "p05": 89.19500000000001,
    "median": 106.4,
    "p95": 131.0,
    "min": 61.3,
    "max": 143.0
  },
  "area_pm100": {
    "mean": 1150.011,
    "std": 146.18435875888278,
    "p05": 946.95,
    "median": 1129.0,
    "p95": 1393.1,
    "min": 647.0,
    "max": 1522.0
  },
  "rate_pm100_hz": {
    "mean": 115.00110000000001,
    "std": 14.618435875888277,
    "p05": 94.69500000000001,
    "median": 112.9,
    "p95": 139.31,
    "min": 64.7,
    "max": 152.2
  },
  "area_pm200": {
    "mean": 1160.082,
    "std": 147.37157003864638,
    "p05": 955.95,
    "median": 1137.0,
    "p95": 1409.05,
    "min": 651.0,
    "max": 1541.0
  },
  "rate_pm200_hz": {
    "mean": 116.00820000000002,
    "std": 14.737157003864638,
    "p05": 95.595,
    "median": 113.7,
    "p95": 140.905,
    "min": 65.1,
    "max": 154.1
  },
  "area_pm500": {
    "mean": 1187.303,
    "std": 150.7365141154846,
    "p05": 980.0,
    "median": 1163.0,
    "p95": 1443.05,
    "min": 680.0,
    "max": 1578.0
  },
  "rate_pm500_hz": {
    "mean": 118.73030000000001,
    "std": 15.07365141154846,
    "p05": 98.0,
    "median": 116.3,
    "p95": 144.305,
    "min": 68.0,
    "max": 157.8
  },
  "area_pm1000": {
    "mean": 1231.422,
    "std": 155.69012599176395,
    "p05": 1017.0,
    "median": 1209.0,
    "p95": 1494.1,
    "min": 711.0,
    "max": 1634.0
  },
  "rate_pm1000_hz": {
    "mean": 123.14220000000002,
    "std": 15.569012599176393,
    "p05": 101.7,
    "median": 120.9,
    "p95": 149.41,
    "min": 71.1,
    "max": 163.4
  },
  "area_fwhm": {
    "mean": 825.369,
    "std": 131.80975931869253,
    "p05": 621.95,
    "median": 817.0,
    "p95": 1045.0,
    "min": 393.0,
    "max": 1259.0
  },
  "rate_fwhm_hz": {
    "mean": 82.5369,
    "std": 13.180975931869252,
    "p05": 62.195,
    "median": 81.7,
    "p95": 104.5,
    "min": 39.3,
    "max": 125.9
  },
  "fwhm": {
    "mean": 55.633,
    "std": 8.570166787102732,
    "p05": 41.0,
    "median": 56.0,
    "p95": 69.0,
    "min": 23.0,
    "max": 87.0
  }
}