{
  "source": "E:\\lzy\\测试结果\\2026.6.29 50km 280Hz",
  "sample_period_s": 10.0,
  "pair_summaries": [
    {
      "pair": "ch3_ch1",
      "histogram_count": 1000,
      "sample_period_s": 10.0,
      "duration_s": 10000.0,
      "duration_h": 2.7777777777777777,
      "total_counts_per_10s": {
        "mean": 3312.484,
        "std": 163.3188040122753,
        "min": 2926.0,
        "p05": 3050.0,
        "median": 3336.5,
        "p95": 3568.0,
        "max": 3723.0
      },
      "total_count_rate_hz": {
        "mean": 331.2484,
        "std": 16.331880401227533,
        "min": 292.6,
        "p05": 305.0,
        "median": 333.65,
        "p95": 356.8,
        "max": 372.3
      },
      "box_counts_per_10s": {
        "mean": 2526.099,
        "std": 116.87630726113827,
        "min": 2264.0,
        "p05": 2337.95,
        "median": 2535.0,
        "p95": 2709.05,
        "max": 2860.0
      },
      "box_count_rate_hz": {
        "mean": 252.6099,
        "std": 11.687630726113825,
        "min": 226.4,
        "p05": 233.79500000000002,
        "median": 253.5,
        "p95": 270.905,
        "max": 286.0
      },
      "box_fraction_of_total": {
        "mean": 0.7627537051679819,
        "std": 0.007920074437438375,
        "min": 0.7337942955920485,
        "p05": 0.7503044553825804,
        "median": 0.7627409413532529,
        "p95": 0.7761833225146619,
        "max": 0.7853795688847235
      },
      "gaussian_sigma_ps": {
        "mean": 213.4259487571157,
        "std": 3.4105046695319836,
        "min": 200.06459004024592,
        "p05": 207.9577140621328,
        "median": 213.6319954480655,
        "p95": 219.1593653369024,
        "max": 224.00497516843302
      },
      "gaussian_fwhm_ps": {
        "mean": 502.5797022563988,
        "std": 8.031124759380017,
        "min": 471.11610692147843,
        "p05": 489.7029935858887,
        "median": 503.0649051344534,
        "p95": 516.0808665448159,
        "max": 527.4914057063532
      },
      "center_hist_ps": {
        "mean": 97525.04050115588,
        "std": 32.1559103165423,
        "min": 97452.94879795275,
        "p05": 97470.39584822266,
        "median": 97519.8710146044,
        "p95": 97584.52471914982,
        "max": 97603.17049238464
      },
      "center_hist_tdev_curve_ps": {
        "10": 5.639886451660246,
        "20": 2.893933798294085,
        "30": 1.9489497820761843,
        "60": 1.0035647653637134,
        "100": 0.587176403004435,
        "200": 0.29386315571857236,
        "300": 0.21621291066736809,
        "600": 0.1180436748329961,
        "1000": 0.10864754542472296,
        "2000": 0.12395313304962725,
        "3000": 0.10654539658648679
      },
      "center_hist_tdev10_ps": 5.639886451660246,
      "center_drift_last_minus_first_ps": -114.16307108665933,
      "first_10pct_count_rate_hz_mean": 355.73400000000004,
      "last_10pct_count_rate_hz_mean": 320.18999999999994,
      "corr_center_count_rate": 0.45632569726027294,
      "absolute_peak_column": "ch3_ch1_peak_ps",
      "absolute_peak_ps": {
        "mean": 227384.55367078702,
        "std": 32.16578759143361,
        "min": 227312.923291,
        "p05": 227329.98602845,
        "median": 227379.459215,
        "p95": 227444.03433025,
        "max": 227462.451875
      },
      "absolute_peak_tdev_curve_ps": {
        "10": 5.641227343022724,
        "20": 2.893012076127958,
        "30": 1.9474881459668127,
        "60": 1.003748768781714,
        "100": 0.5886756451298024,
        "200": 0.29397720100463504,
        "300": 0.21609359184545146,
        "600": 0.11815050863466177,
        "1000": 0.10865077573998941,
        "2000": 0.12397642561179865,
        "3000": 0.10659458410109145
      },
      "absolute_peak_tdev10_ps": 5.641227343022724,
      "absolute_peak_drift_last_minus_first_ps": -114.17438958000275
    },
    {
      "pair": "ch4_ch2",
      "histogram_count": 1000,
      "sample_period_s": 10.0,
      "duration_s": 10000.0,
      "duration_h": 2.7777777777777777,
      "total_counts_per_10s": {
        "mean": 2974.225,
        "std": 109.9079632010347,
        "min": 2683.0,
        "p05": 2797.95,
        "median": 2974.5,
        "p95": 3158.05,
        "max": 3280.0
      },
      "total_count_rate_hz": {
        "mean": 297.4225,
        "std": 10.99079632010347,
        "min": 268.3,
        "p05": 279.795,
        "median": 297.45,
        "p95": 315.805,
        "max": 328.0
      },
      "box_counts_per_10s": {
        "mean": 2423.262,
        "std": 88.8380512843455,
        "min": 2179.0,
        "p05": 2284.95,
        "median": 2421.0,
        "p95": 2568.1,
        "max": 2662.0
      },
      "box_count_rate_hz": {
        "mean": 242.3262,
        "std": 8.88380512843455,
        "min": 217.9,
        "p05": 228.495,
        "median": 242.1,
        "p95": 256.81,
        "max": 266.2
      },
      "box_fraction_of_total": {
        "mean": 0.8147951198386828,
        "std": 0.007197640987676067,
        "min": 0.7890267798824298,
        "p05": 0.80195034844366,
        "median": 0.8149816659977321,
        "p95": 0.8264104393928603,
        "max": 0.8359844468009897
      },
      "gaussian_sigma_ps": {
        "mean": 216.3075334228109,
        "std": 3.43500647589331,
        "min": 205.44767879489422,
        "p05": 210.6152108222507,
        "median": 216.2468340196074,
        "p95": 221.9261889594004,
        "max": 226.39668566886877
      },
      "gaussian_fwhm_ps": {
        "mean": 509.3653155885425,
        "std": 8.088822104138373,
        "min": 483.7923122249383,
        "p05": 495.9609202261368,
        "median": 509.2223794171594,
        "p95": 522.5962382720538,
        "max": 533.1234535346164
      },
      "center_hist_ps": {
        "mean": 122683.78924405541,
        "std": 30.957010532527427,
        "min": 122615.44634237186,
        "p05": 122632.01375869352,
        "median": 122678.90084818396,
        "p95": 122741.21303526379,
        "max": 122761.89623739175
      },
      "center_hist_tdev_curve_ps": {
        "10": 5.691408858873963,
        "20": 2.874404536554675,
        "30": 1.976059306773245,
        "60": 0.9468562317863739,
        "100": 0.5699459522683586,
        "200": 0.3003404384252088,
        "300": 0.20448698487523537,
        "600": 0.11464453830695343,
        "1000": 0.10927072136600785,
        "2000": 0.12167507568807549,
        "3000": 0.10404452769935463
      },
      "center_hist_tdev10_ps": 5.691408858873963,
      "center_drift_last_minus_first_ps": -108.51579475455219,
      "first_10pct_count_rate_hz_mean": 313.66200000000003,
      "last_10pct_count_rate_hz_mean": 282.11999999999995,
      "corr_center_count_rate": 0.7019202363055529,
      "absolute_peak_column": "ch4_ch2_peak_ps",
      "absolute_peak_ps": {
        "mean": 222974.283566424,
        "std": 30.961648398495605,
        "min": 222905.560969,
        "p05": 222922.52176745,
        "median": 222969.2174655,
        "p95": 223031.5653461,
        "max": 223052.59177
      },
      "absolute_peak_tdev_curve_ps": {
        "10": 5.695167488743172,
        "20": 2.8759987765146797,
        "30": 1.97323177895717,
        "60": 0.9475306943607932,
        "100": 0.5700641065874633,
        "200": 0.3000662405327384,
        "300": 0.2045583582331158,
        "600": 0.11480216321338994,
        "1000": 0.10933694519228412,
        "2000": 0.1216266622453929,
        "3000": 0.1040037905813165
      },
      "absolute_peak_tdev10_ps": 5.695167488743172,
      "absolute_peak_drift_last_minus_first_ps": -108.56257211000775
    }
  ],
  "peak_area_summary_file": "new_50km_280hz_peak_area_summary.json",
  "comparison": {
    "module_loss_db": 4.45,
    "module_loss_linear_factor": 2.78612116862977,
    "100hz_with_module_equivalent_without_module_hz": 278.612116862977,
    "dcm_rate_pm100_hz_equivalent_without_module_hz": 320.4069991257091,
    "new_raw_total_rate_hz_pair_mean": 314.33545000000004,